Abdelhakim,Aytac,Elyas,Juliette,Mariama,Naim,Rania,Sérine
Aboubacar,Benoit,Elyne,Jybril,Marilyne,Nancy,Raphael,Tanlimie
Adam,Bouchra,Emma,Kadidja,Marion,Nasra,Rayan,Thea
Adlen,Camille,Enzo,Kais,Marwan,Nasrine,Ryad,Theo
Ahmed,Canthin,Estelle,Kassi,Maéva,Nawwâs,Safia,Thilou
Alaina,Chaïma,Fatima,Kenza,Maïlys,Naïcha,Salim,Tom
Alexis,Cherryane,Gilbert,Kilian,Maïssane,Nedjma,Sarah,Wael
Alyssia,Chloe,Havin,Linas,Mihidhwari,Nesrine,Senouci,Waïl
Amar,Chérine,Hedi,Linda,Mila,Noemie,Shaïna,Weam
Ambrine,Célia,Iliana,Lisa,Mireille,Nouh,Siloe,Yacine
Amine,Dana,Imen,Liza-Marie,Mohamed,Noura,Sofia,Yanis
Anass,David,Ines,Loris,Morgane,Olgaline,Sonia,Yenni
Anfaita,Denis,Isaac,Louna,Mounira,Ouiem,Sophie,Yoriss
Astrid,Djasmina,Islam,Lucas,Mouzdalifah,Oussem,Stella,Younes
Axel,Djena,Issafidine,Majd,My-Lan,Pablo,Sukenya,Zelal
Ayman,Dounia,Jenna,Malcolm,Nadia,Pascal,Sylvain,Zineb
Aymene,Elarif,Joris,Malha,Naem,Rana,Syrine,Zohra
