Naïcha,Lisa,Safia,Noura,Cherryane,Sukenya,Astrid,Islam
Mila,Majd,Alexis,Younes,Elyas,Noemie,Liza-Marie,Yoriss
Juliette,Ines,Aymene,Aboubacar,Ahmed,Amar,Oussem,Thilou
Enzo,Nasra,Mounira,Issafidine,Zohra,Kadidja,Nasrine,Kilian
Sophie,Nadia,Camille,Canthin,Nancy,Stella,Mariama,Yenni
Sérine,Chérine,Senouci,Kenza,Jenna,Maïlys,Thea,Tanlimie
Morgane,Iliana,Nesrine,Alyssia,Chloe,My-Lan,Gilbert,Pablo
David,Axel,Naim,Rana,Mireille,Dounia,Aytac,Alaina
Rayan,Bouchra,Ambrine,Mihidhwari,Sonia,Sylvain,Célia,Amine
Zelal,Maéva,Zineb,Raphael,Kais,Shaïna,Ouiem,Malcolm
Malha,Marwan,Kassi,Ryad,Djasmina,Imen,Tom,Yanis
Sofia,Elarif,Denis,Benoit,Naem,Estelle,Linas,Jybril
Marion,Havin,Chaïma,Ayman,Adlen,Weam,Emma,Adam
Maïssane,Nawwâs,Elyne,Abdelhakim,Pascal,Joris,Mouzdalifah,Sarah
Rania,Djena,Hedi,Anfaita,Theo,Lucas,Syrine,Waïl
Nouh,Yacine,Siloe,Linda,Louna,Loris,Fatima,Salim
Olgaline,Nedjma,Isaac,Mohamed,Anass,Dana,Marilyne,Wael
